model,power_usage,H_rt
Optimization,4920775.601818182,654.0676854108877
TTOC,11625000.0,1172.370872233377
TTOCP,5100000.0,1543.23218793501
