model,power_usage,H_rt
Optimization,6249935.771999988,1196.7510646920223
TTOC,16500000.0,1259.9329736519292
TTOCP,6765000.0,1976.2643170116282
